City_ID,City,Lat,Lng,Max Temp,Humidity,Cloudiness,Wind Speed,Country,Date
0,bredasdorp,-34.5322,20.0403,58.68,66,33,14.25,ZA,1712790486
1,geraldton,-28.7667,114.6,73.81,35,100,20.71,AU,1712790486
2,blackmans bay,-43.0167,147.3167,55.72,68,52,1.99,AU,1712790487
3,west island,-12.1568,96.8225,80.58,74,77,9.22,CC,1712790487
4,olinda,-8.0089,-34.8553,80.33,94,40,3.44,BR,1712790391
5,adamstown,-25.066,-130.1015,72.81,85,100,15.3,PN,1712790487
6,mejit,10.2753,170.8646,80.11,78,100,21.7,MH,1712790487
7,alice springs,-23.7,133.8833,61.21,41,10,5.99,AU,1712790487
8,st. john's,47.5649,-52.7093,30.67,80,40,16.11,CA,1712790323
9,tralee,52.2704,-9.7026,54.52,93,100,9.31,IE,1712790487
10,cromwell,41.5951,-72.6454,63.21,68,100,8.05,US,1712790487
11,puerto natales,-51.7236,-72.4875,38.55,90,14,5.7,CL,1712790487
12,hawaiian paradise park,19.5933,-154.9731,79.03,75,100,9.22,US,1712790487
13,olonkinbyen,70.9221,-8.7187,20.23,72,100,12.21,SJ,1712790487
14,papatowai,-46.5619,169.4708,51.73,98,100,12.06,NZ,1712790488
15,qaqortoq,60.7167,-46.0333,22.96,98,82,3.36,GL,1712790488
16,lebu,-37.6167,-73.65,53.24,76,93,3.0,CL,1712790488
17,umm kaddadah,13.6017,26.6876,77.68,8,0,15.46,SD,1712790488
18,port-aux-francais,-49.35,70.2167,45.39,96,100,8.48,TF,1712790488
19,iqaluit,63.7506,-68.5145,22.82,93,58,1.3,CA,1712790488
20,edinburgh of the seven seas,-37.0676,-12.3116,64.06,81,82,6.8,SH,1712790488
21,grytviken,-54.2811,-36.5092,33.69,90,14,12.17,GS,1712790488
22,port alfred,-33.5906,26.891,58.17,88,100,1.99,ZA,1712790488
23,vilyuchinsk,52.9306,158.4028,39.47,72,80,34.58,RU,1712790439
24,cherdyn',60.403,56.4787,32.76,99,100,2.13,RU,1712790488
25,puerto baquerizo moreno,-0.9,-89.6,79.21,78,56,4.5,EC,1712790488
26,ribeira grande,38.5167,-28.7,63.0,94,75,13.8,PT,1712790488
27,nar'yan-mar,67.6713,53.087,15.98,93,100,15.73,RU,1712790488
28,lihue,21.9789,-159.3672,83.44,62,0,8.05,US,1712790489
29,smara,26.7384,-11.6719,86.65,15,0,16.15,EH,1712790489
30,neftegorsk,52.802,51.166,44.38,89,2,2.84,RU,1712790489
31,malango,-2.9627,119.9001,68.4,94,99,1.83,ID,1712790489
32,boyolangu,-8.1181,111.8935,76.48,94,100,1.99,ID,1712790489
33,hammerfest,70.6634,23.6821,36.05,100,100,8.05,NO,1712790489
34,albany,42.6001,-73.9662,53.73,91,100,1.99,US,1712790228
35,constantia,44.1833,28.65,50.7,62,3,8.37,RO,1712790245
36,colonia,50.9333,6.95,50.83,71,0,3.44,DE,1712790478
37,amga,60.8953,131.9608,31.98,95,100,5.12,RU,1712790489
38,tiksi,71.6872,128.8694,3.4,95,100,5.88,RU,1712790489
39,port mathurin,-19.6833,63.4167,79.9,80,31,12.68,MU,1712790489
40,zhumysker,49.3333,49.4,54.7,90,1,9.22,KZ,1712790489
41,puerto ayora,-0.7393,-90.3518,79.56,95,66,3.0,EC,1712790489
42,margaret river,-33.95,115.0667,56.34,76,11,11.27,AU,1712790489
43,aykhal,66.0,111.5,-14.51,98,74,17.49,RU,1712790490
44,puerto aysen,-45.4,-72.7,42.08,96,0,2.62,CL,1712790408
45,inarajan village,13.2736,144.7484,84.34,84,93,18.21,GU,1712790490
46,sirte,31.2089,16.5887,62.49,80,0,7.83,LY,1712790490
47,polyarnyy,69.1989,33.4478,37.74,92,100,22.73,RU,1712790490
48,waitangi,-43.9535,-176.5597,63.82,89,83,8.99,NZ,1712790490
49,aasiaat,68.7098,-52.8699,16.48,81,100,4.68,GL,1712790197
50,chinchilla,-26.75,150.6333,65.01,64,0,1.01,AU,1712790490
51,wailua homesteads,22.0669,-159.378,82.83,70,0,8.05,US,1712790490
52,carlos chagas,-17.7031,-40.7664,78.85,74,51,8.23,BR,1712790192
53,stanley,54.868,-1.6985,53.78,86,75,12.66,GB,1712790229
54,hamilton,39.1834,-84.5333,63.23,95,100,4.0,US,1712790426
55,maasin,10.1336,124.8447,77.16,80,100,2.73,PH,1712790490
56,pushkino,56.0172,37.8667,55.69,93,47,7.05,RU,1712790491
57,margate,51.3813,1.3862,53.87,91,100,10.0,GB,1712790491
58,cabo san lucas,22.8909,-109.9124,76.51,48,40,11.5,MX,1712790337
59,invercargill,-46.4,168.35,50.02,98,100,18.01,NZ,1712790416
60,ta`u,-14.2336,-169.5144,84.63,76,8,8.12,AS,1712790491
61,vorgashor,67.5833,63.95,-11.99,100,100,5.01,RU,1712790491
62,port lincoln,-34.7333,135.8667,61.27,67,56,7.02,AU,1712790430
63,bilibino,68.0546,166.4372,5.85,83,69,1.36,RU,1712790491
64,amahai,-3.3333,128.9167,80.02,84,100,3.02,ID,1712790491
65,sanchor,24.7553,71.7722,78.06,36,27,4.65,IN,1712790491
66,dudinka,69.4058,86.1778,-25.33,100,100,3.0,RU,1712790491
67,magadan,59.5667,150.8,26.53,67,41,4.59,RU,1712790491
68,hood river,45.7054,-121.5215,68.81,47,0,7.0,US,1712790453
69,hadibu,12.65,54.0333,80.15,77,6,6.04,YE,1712790491
70,bria,6.5423,21.9863,78.06,50,46,2.57,CF,1712790491
71,kingston,17.997,-76.7936,85.15,72,20,23.02,JM,1712790194
72,vadso,70.0744,29.7487,39.36,87,100,6.91,NO,1712790492
73,bereznik,62.8551,42.7072,40.14,91,100,11.36,RU,1712790492
74,ushuaia,-54.8,-68.3,44.26,76,40,32.21,AR,1712790249
75,ilulissat,69.2167,-51.1,21.22,58,100,4.61,GL,1712790492
76,belyy yar,53.6039,91.3903,39.09,81,40,6.71,RU,1712790492
77,petropavlovsk-kamchatsky,53.0452,158.6483,37.99,70,20,35.99,RU,1712790492
78,novodvinsk,64.4165,40.8122,42.78,99,100,12.73,RU,1712790492
79,talnakh,69.4865,88.3972,-25.8,100,82,3.96,RU,1712790492
80,sitka,57.0531,-135.33,44.49,70,100,11.5,US,1712790492
81,tateyama,34.9833,139.8667,56.39,67,67,8.05,JP,1712790492
82,westport,41.1415,-73.3579,62.31,83,100,14.97,US,1712790327
83,brookings,44.3114,-96.7984,63.1,41,40,18.41,US,1712790358
84,turpan,42.9333,89.1667,58.53,34,4,2.84,CN,1712790492
85,malanje,-9.5402,16.341,65.98,97,41,2.82,AO,1712790492
86,nabire,-3.3667,135.4833,75.6,96,100,3.36,ID,1712790493
87,hermanus,-34.4187,19.2345,58.8,70,22,20.04,ZA,1712790493
88,kamikawa,43.84,142.7711,43.47,58,11,6.8,JP,1712790493
89,ponta delgada,37.7333,-25.6667,65.19,88,75,10.36,PT,1712790493
90,yuzhno-kurilsk,44.0306,145.8556,40.37,76,23,6.44,RU,1712790493
91,ocos,14.5094,-92.1933,91.58,67,95,6.82,GT,1712790493
92,avarua,-21.2078,-159.775,82.45,83,75,21.85,CK,1712790322
93,yaren,-0.5472,166.916,82.13,83,93,10.92,NR,1712790493
94,codrington,-38.2667,141.9667,57.9,69,89,10.78,AU,1712790493
95,sanniquellie,7.3622,-8.7061,70.05,97,95,3.11,LR,1712790493
96,pandan,14.0453,124.1694,78.73,82,90,7.09,PH,1712790493
97,taoudenni,22.6783,-3.9836,90.21,11,0,11.07,ML,1712790493
98,longyearbyen,78.2186,15.6401,4.84,72,0,11.5,SJ,1712790493
99,nova vicosa,-17.8919,-39.3719,78.62,83,7,6.2,BR,1712790388
100,urangan,-25.3,152.9,71.2,66,0,10.0,AU,1712790494
101,ceres,37.5949,-120.9577,81.77,43,0,8.05,US,1712790494
102,torghay,49.6339,63.4981,44.78,68,98,13.22,KZ,1712790494
103,atafu village,-8.5421,-172.5159,86.02,75,79,10.31,TK,1712790494
104,huejutla de reyes,21.1333,-98.4167,88.7,20,11,22.79,MX,1712790494
105,siwa oasis,29.2041,25.5195,66.42,47,0,10.58,EG,1712790494
106,weno,7.4515,151.8468,82.35,94,100,6.91,FM,1712790494
107,sweet home,44.3976,-122.7362,67.28,60,62,8.01,US,1712790270
108,pacasmayo,-7.4006,-79.5714,74.16,76,66,13.2,PE,1712790494
109,isafjordur,66.0755,-23.124,24.26,88,39,5.06,IS,1712790494
110,chonchi,-42.6128,-73.8092,51.01,78,0,1.57,CL,1712790494
111,adrar,20.5022,-10.0711,85.32,14,0,8.77,MR,1712790494
112,berrechid,33.2655,-7.5875,62.29,67,0,9.22,MA,1712790495
113,ambodifotatra,-16.9833,49.85,80.1,87,78,9.71,MG,1712790438
114,siracusa,37.0881,15.2792,56.32,80,100,11.88,IT,1712790495
115,santa rosalia,27.3167,-112.2833,77.38,21,0,11.72,MX,1712790495
116,susuman,62.7833,148.1667,3.97,93,88,1.99,RU,1712790495
117,port saint john's,-31.6229,29.5448,64.04,81,98,18.41,ZA,1712790495
118,wad az zaki,14.4619,32.2065,79.36,11,1,11.77,SD,1712790495
119,ain touta,35.3768,5.9,48.43,75,0,10.89,DZ,1712790495
120,ipiau,-14.1372,-39.7339,72.27,98,92,1.7,BR,1712790495
121,ust-nera,64.5667,143.2,13.55,92,84,7.16,RU,1712790495
122,lompoc,34.6391,-120.4579,74.79,67,0,16.11,US,1712790496
123,bethel,41.3712,-73.414,62.69,72,100,5.75,US,1712790247
124,sao francisco,-15.9486,-44.8644,80.26,63,100,7.02,BR,1712790496
125,tsiombe,-25.3,45.4833,74.52,88,39,11.45,MG,1712790438
126,matelica,43.2541,13.0106,55.8,73,100,2.95,IT,1712790496
127,beaudesert,-27.9833,152.9833,73.69,77,0,3.47,AU,1712790496
128,nyurba,63.2842,118.3319,19.69,95,100,10.89,RU,1712790496
129,al qadarif,14.0349,35.3834,82.56,8,1,11.05,SD,1712790496
130,mizdah,31.4451,12.9801,56.55,69,99,6.13,LY,1712790496
131,hammamet,36.4,10.6167,55.26,79,62,7.43,TN,1712790496
132,lagoa,39.05,-27.9833,60.93,89,87,23.4,PT,1712790496
133,gizo,-8.103,156.8419,83.21,76,99,5.14,SB,1712790496
134,katsuura,35.1333,140.3,56.82,65,45,7.92,JP,1712790496
135,baoding,38.8511,115.4903,52.18,66,0,1.77,CN,1712790496
136,college,64.8569,-147.8028,44.92,43,20,5.75,US,1712790437
137,enewetak,11.3474,162.3373,80.8,81,100,22.32,MH,1712790497
138,xinji,37.9028,115.2036,55.02,78,0,2.66,CN,1712790319
139,kangaba,11.9333,-8.4167,86.25,41,100,5.26,ML,1712790438
140,murray bridge,-35.1167,139.2667,56.34,59,99,7.56,AU,1712790497
141,anadyr,64.75,177.4833,18.1,78,40,13.42,RU,1712790444
142,parsons,37.3403,-95.2611,59.29,77,100,10.11,US,1712790497
143,estreito,-5.7833,-43.25,75.9,95,99,2.06,BR,1712790497
144,lasem,-6.6922,111.4527,77.99,90,84,3.11,ID,1712790497
145,salinopolis,-0.6136,-47.3561,79.65,84,65,8.01,BR,1712790448
146,manismata,-2.4667,111.0333,74.66,98,100,1.5,ID,1712790497
147,usogorsk,63.4106,48.6872,34.66,100,100,8.93,RU,1712790497
148,hanzhong,33.0728,107.0303,54.82,88,100,2.42,CN,1712790441
149,atar,20.5169,-13.0499,83.35,11,0,4.97,MR,1712790497
150,maitum,6.0392,124.4986,82.06,72,87,2.17,PH,1712790498
151,odda,60.0691,6.5457,45.77,96,87,7.27,NO,1712790498
152,port elizabeth,-33.918,25.5701,58.32,80,94,3.0,ZA,1712790498
153,jamestown,42.097,-79.2353,62.19,63,100,0.0,US,1712790320
154,kolpny,52.2282,37.0368,60.51,66,8,5.61,RU,1712790498
155,phan rang-thap cham,11.5667,108.9833,75.61,77,9,4.21,VN,1712790498
156,massawa,15.6097,39.45,81.43,67,0,9.69,ER,1712790498
157,barra de santo antonio,-9.4047,-35.5072,79.88,74,94,5.86,BR,1712790401
158,saipan,15.1355,145.701,84.9,70,40,17.27,MP,1712790498
159,weyburn,49.6668,-103.8511,50.49,31,97,20.2,CA,1712790467
160,fale old settlement,-9.3852,-171.2468,86.11,75,59,10.45,TK,1712790498
161,ancud,-41.8697,-73.8203,50.34,72,1,3.96,CL,1712790498
162,cidreira,-30.1811,-50.2056,72.77,77,95,10.18,BR,1712790498
163,broome,42.2506,-75.833,59.9,88,100,3.44,US,1712790498
164,villa la venta,18.1,-94.05,79.83,83,100,28.05,MX,1712790499
165,kurchatov,51.6601,35.6521,67.41,63,9,3.02,RU,1712790499
166,energetik,51.7445,58.7934,41.97,90,32,8.08,RU,1712790499
167,alamogordo,32.8995,-105.9603,71.96,18,0,11.5,US,1712790321
168,kanggye,40.9695,126.5852,51.24,72,100,2.93,KP,1712790499
169,kerikeri,-35.2268,173.9474,69.91,92,100,15.12,NZ,1712790271
170,lazaro cardenas,17.9583,-102.2,81.68,61,27,13.82,MX,1712790499
171,sandnessjoen,66.0217,12.6316,39.72,80,100,29.82,NO,1712790499
172,fort bragg,35.139,-79.006,75.45,60,72,1.99,US,1712790499
173,holualoa,19.6228,-155.9522,76.84,80,40,11.5,US,1712790324
174,vilyuysk,63.7553,121.6247,28.99,93,100,7.0,RU,1712790499
175,kapa'a,22.0752,-159.319,84.18,70,0,8.05,US,1712790281
176,tyukalinsk,55.8732,72.1967,26.37,91,96,6.76,RU,1712790499
177,vico del gargano,41.8983,15.9576,56.8,92,100,9.55,IT,1712790500
178,cape coral,26.5629,-81.9495,83.05,75,0,14.97,US,1712790385
179,chateau-du-loir,47.6949,0.4185,55.38,89,100,6.44,FR,1712790500
180,puerto armuelles,8.2833,-82.8667,82.09,71,100,3.0,PA,1712790500
181,dinguiraye,11.3,-10.7167,80.31,54,97,7.76,GN,1712790500
182,chadan,51.2833,91.5833,40.05,74,97,2.28,RU,1712790500
183,ghat,24.9647,10.1728,77.83,30,97,8.84,LY,1712790500
184,el bauga,18.262,33.9081,73.8,17,8,9.93,SD,1712790500
185,naze,28.3667,129.4833,67.12,65,100,9.01,JP,1712790288
186,vernon,50.2581,-119.2691,64.29,27,78,1.01,CA,1712790464
187,mullovka,54.2,49.4,43.84,96,26,4.81,RU,1712790500
188,tarauaca,-8.1614,-70.7656,73.4,99,100,1.12,BR,1712790500
189,esmeraldas,-19.7625,-44.3139,79.84,70,33,1.97,BR,1712790243
190,bubaque,11.2833,-15.8333,75.02,73,10,16.15,GW,1712790500
191,jieshi,22.8134,115.8257,69.84,82,65,12.17,CN,1712790500
192,trakai,54.6333,24.9333,46.74,80,96,10.47,LT,1712790501
193,tarfaya,27.9358,-12.9218,67.98,77,0,22.24,MA,1712790501
194,peterhead,57.5058,-1.7981,55.8,96,100,18.12,GB,1712790501
195,manta,-0.95,-80.7333,82.18,78,40,8.05,EC,1712790501
196,neryungri,56.6709,124.6491,19.18,99,85,4.59,RU,1712790501
197,aktau,43.65,51.2,54.18,44,100,10.49,KZ,1712790501
198,itacarambi,-15.1022,-44.0919,79.0,64,46,2.71,BR,1712790501
199,tura,25.5198,90.2201,71.58,36,54,3.33,IN,1712790501
200,hailun,47.45,126.9333,46.81,44,82,12.46,CN,1712790501
201,macas,-2.3167,-78.1167,72.32,91,74,2.42,EC,1712790501
202,punta arenas,-53.15,-70.9167,44.71,76,75,19.57,CL,1712790501
203,kristiansand,58.1467,7.9956,43.86,93,100,13.8,NO,1712790502
204,ulanhot,46.0833,122.0833,50.77,57,11,3.89,CN,1712790502
205,merizo village,13.2658,144.6691,83.93,84,89,17.98,GU,1712790502
206,tongouson,5.0214,120.1328,81.25,77,100,2.57,PH,1712790502
207,hasaki,35.7333,140.8333,57.29,57,30,7.87,JP,1712790502
208,queenstown,-31.8976,26.8753,51.06,83,98,5.14,ZA,1712790502
209,illizi,26.4833,8.4667,80.96,13,99,13.82,DZ,1712790502
210,yellowknife,62.456,-114.3525,36.41,83,12,8.99,CA,1712790439
211,tsuyama,35.05,134.0,47.82,89,99,7.29,JP,1712790502
212,kiruna,67.8557,20.2251,36.52,81,100,5.75,SE,1712790502
213,laojunmiao,39.8333,97.7333,48.06,17,71,9.22,CN,1712790502
214,sucua,-2.4667,-78.1667,73.36,91,73,2.46,EC,1712790502
215,nichinan,31.6,131.3667,65.88,82,100,13.04,JP,1712790502
216,brandon,27.9378,-82.2859,84.29,73,40,10.36,US,1712790459
217,badger,64.8,-147.5333,44.85,41,20,5.75,US,1712790502
218,rondonopolis,-16.4708,-54.6356,77.63,86,97,1.19,BR,1712790503
219,"laikit, laikit ii (dimembe)",1.4792,124.9735,74.25,88,20,1.14,ID,1712790503
220,waingapu,-9.6567,120.2641,79.14,81,59,7.85,ID,1712790503
221,la jolla,32.8473,-117.2742,83.39,58,0,10.36,US,1712790323
222,hithadhoo,-0.6,73.0833,84.99,73,83,7.83,MV,1712790503
223,thompson,55.7435,-97.8558,32.81,100,100,4.85,CA,1712790503
224,novyy urgal,51.0736,132.5642,33.98,66,64,3.13,RU,1712790238
225,oban,56.4127,-5.4706,51.39,92,100,17.83,GB,1712790503
226,caleta de carquin,-11.0925,-77.6267,71.92,85,95,9.46,PE,1712790503
227,namtsy,62.7161,129.6658,31.19,95,100,7.96,RU,1712790503
228,wagar,16.1525,36.2032,78.53,32,16,12.82,SD,1712790503
229,dodoma,-6.1722,35.7395,68.0,92,95,3.76,TZ,1712790320
230,el kala,36.8956,8.4433,54.25,79,9,10.67,DZ,1712790503
231,vredendal,-31.6683,18.5012,65.8,50,0,11.83,ZA,1712790504
232,maceio,-9.6658,-35.7353,80.04,89,75,1.14,BR,1712790386
233,araure,9.5601,-69.2148,91.69,30,81,2.91,VE,1712790504
234,primero de mayo,-32.2552,-58.4228,62.55,71,100,14.43,AR,1712790504
235,happy valley-goose bay,53.3168,-60.3315,30.45,80,9,4.76,CA,1712790504
236,qamdo,31.1667,97.2333,23.76,84,30,0.6,CN,1712790504
237,guarapari,-20.6667,-40.4975,78.89,88,3,5.61,BR,1712790457
238,pangoa,-12.1167,-73.0,72.66,97,77,1.01,PE,1712790504
239,saint-pierre,-21.3393,55.4781,76.68,73,0,6.91,RE,1712790504
240,antsiranana,-12.2787,49.2917,77.9,90,61,8.28,MG,1712790438
241,korla,41.7597,86.1469,57.34,24,20,9.19,CN,1712790504
242,carauari,-4.8828,-66.8958,75.76,97,100,3.71,BR,1712790318
243,bardai,11.65,7.2333,84.45,20,46,9.17,NG,1712790504
244,westfield,42.1251,-72.7495,62.78,81,100,9.22,US,1712790366
245,katabu,-4.9333,122.5167,77.49,88,78,2.26,ID,1712790505
246,guiberoua,6.2392,-6.1727,77.07,87,100,2.77,CI,1712790505
247,mugia,43.1041,-9.2179,55.9,71,100,11.39,ES,1712790505
248,nerchinsk,51.9833,116.5833,41.52,54,100,3.62,RU,1712790505
249,argo,37.6333,22.7333,60.71,49,100,4.14,GR,1712790505
250,egilsstadir,65.2653,-14.3948,30.92,97,100,4.12,IS,1712790499
251,selfoss,63.9331,-20.9971,38.05,61,100,17.72,IS,1712790505
252,walvis bay,-22.9575,14.5053,59.97,85,1,3.67,NA,1712790505
253,palikir - national government center,6.9248,158.1611,81.45,94,100,11.5,FM,1712790505
254,baise city,23.8997,106.6133,75.34,99,100,2.62,CN,1712790505
255,wynyard,-41.0,145.7167,55.67,64,15,5.39,AU,1712790505
256,chipinge,-20.1883,32.6236,64.72,63,99,6.31,ZW,1712790505
257,huntsville,34.7304,-86.5861,67.55,80,100,8.01,US,1712790505
258,okha,53.5739,142.9478,34.16,73,13,4.68,RU,1712790369
259,mo i rana,66.3128,14.1428,38.32,92,100,14.0,NO,1712790406
260,gariaband,20.635,82.0614,76.73,57,81,3.71,IN,1712790506
261,mount pearl,47.5166,-52.7813,29.84,81,67,3.0,CA,1712790506
262,kangding,30.0513,101.9603,43.3,89,93,3.96,CN,1712790506
263,karachi,24.9056,67.0822,75.02,83,40,6.91,PK,1712790499
264,nova sintra,14.8667,-24.7167,72.73,77,2,20.94,CV,1712790506
265,labytnangi,66.6572,66.4183,-19.62,100,82,1.83,RU,1712790506
266,goba,7.0167,39.9833,52.3,88,35,4.56,ET,1712790506
267,pisco,-13.7,-76.2167,73.45,78,0,12.66,PE,1712790506
268,harstad,68.799,16.5293,38.59,97,100,27.0,NO,1712790506
269,zakamensk,50.3741,103.2863,33.94,72,54,1.99,RU,1712790506
270,ola,59.5833,151.2833,27.14,63,5,7.34,RU,1712790506
271,along,28.1667,94.7667,54.86,86,0,0.72,IN,1712790506
272,yeysk,46.6989,38.2792,56.39,70,8,11.45,RU,1712790271
273,georgetown,5.4112,100.3354,80.94,88,20,3.44,MY,1712790381
274,utrik,11.2278,169.8474,80.11,77,100,20.36,MH,1712790507
275,tazovsky,67.4667,78.7,-24.86,100,59,5.88,RU,1712790507
276,tadine,-21.55,167.8833,82.78,76,94,5.12,NC,1712790507
277,buhe,30.2876,112.2298,58.95,87,56,3.09,CN,1712790507
278,kununurra,-15.7667,128.7333,69.78,68,18,4.61,AU,1712790507
279,erenhot,43.6475,111.9767,49.42,33,93,7.65,CN,1712790507
280,tocopilla,-22.092,-70.1979,70.14,77,94,8.55,CL,1712790507
281,dunedin,-45.8742,170.5036,60.8,83,100,1.01,NZ,1712790507
282,campbell river,50.0163,-125.2446,53.6,69,100,3.11,CA,1712790507
283,belel,7.05,14.4333,70.27,59,83,0.04,CM,1712790507
284,eyl,7.9803,49.8164,80.94,72,60,8.12,SO,1712790318
285,vila velha,-20.3297,-40.2925,78.94,92,40,4.61,BR,1712790209
286,kidal,18.4411,1.4078,87.85,7,7,9.4,ML,1712790309
287,es castell,39.8795,4.2854,56.08,67,20,4.61,ES,1712790508
288,flin flon,54.7682,-101.865,51.64,54,100,21.85,CA,1712790508
289,laconia,43.5279,-71.4704,43.34,89,100,2.01,US,1712790508
290,chehalis,46.662,-122.964,60.57,46,0,0.0,US,1712790394
291,xam nua,20.4197,104.0439,66.33,94,87,2.04,LA,1712790508
292,bang saphan,11.2126,99.5117,77.36,91,96,0.45,TH,1712790508
293,palmer,42.1584,-72.3287,60.22,67,100,5.75,US,1712790364
294,rosarito,32.3333,-117.0333,81.91,57,0,8.81,MX,1712790508
295,hovd,48.0056,91.6419,40.03,47,100,5.79,MN,1712790509
296,remire-montjoly,4.9167,-52.2667,82.44,83,75,8.05,GF,1712790509
297,la sarre,48.8002,-79.1996,50.29,68,92,4.76,CA,1712790447
298,la'ie,21.6477,-157.9253,82.36,69,43,11.99,US,1712790510
299,zindah jan,34.3426,61.7468,61.07,51,2,2.55,AF,1712790510
300,kodiak,57.79,-152.4072,35.11,55,75,8.05,US,1712790510
301,yarmouth,41.7057,-70.2286,54.07,84,75,8.99,US,1712790311
302,mersing,2.4312,103.8405,78.98,88,55,7.45,MY,1712790510
303,phatthalung,7.5,100.0833,78.19,83,100,5.06,TH,1712790510
304,al muwayh,22.4333,41.7583,72.64,21,12,8.1,SA,1712790510
305,cuorgne,45.3895,7.6499,52.68,85,96,6.02,IT,1712790510
306,kumeny,58.1089,49.9161,33.67,90,37,7.09,RU,1712790510
307,umluj,25.0213,37.2685,73.83,45,71,10.13,SA,1712790510
308,gardabani,41.4605,45.0928,53.46,81,100,4.07,GE,1712790510
309,konarka,19.9,86.1167,81.0,73,47,7.78,IN,1712790377
310,rio grande,-32.035,-52.0986,69.91,77,100,19.8,BR,1712790229
311,durres,41.3231,19.4414,53.78,69,100,1.72,AL,1712790511
312,aqadyr,48.2553,72.8483,41.02,87,90,8.23,KZ,1712790511
313,pochinok,54.4068,32.4407,58.32,72,90,8.1,RU,1712790511
314,trat,12.5,102.5,77.07,94,86,2.84,TH,1712790511
315,hawera,-39.5917,174.2833,67.23,74,100,20.0,NZ,1712790416
316,fort st. john,56.2499,-120.8529,47.68,27,100,10.67,CA,1712790511
317,east falmouth,41.5784,-70.5586,54.37,85,75,8.05,US,1712790511
318,undurkhaan,47.3194,110.6556,48.92,41,82,7.27,MN,1712790511
319,san patricio,28.017,-97.5169,80.85,31,0,20.76,US,1712790511
320,burutu,5.3509,5.5076,82.29,82,100,7.18,NG,1712790511
321,arraial do cabo,-22.9661,-42.0278,77.72,87,0,9.86,BR,1712790479
322,llallagua,-18.4167,-66.6333,49.59,72,92,7.96,BO,1712790512
323,kostomuksha,64.571,30.5767,39.04,97,94,13.0,RU,1712790512
324,panguipulli,-39.6333,-72.3333,51.76,58,100,5.82,CL,1712790512
325,vila franca do campo,37.7167,-25.4333,64.89,99,100,9.82,PT,1712790512
326,shizunai-furukawacho,42.3339,142.3669,42.55,62,40,7.14,JP,1712790512
327,ciudad lazaro cardenas,17.9583,-102.2,81.68,61,27,13.82,MX,1712790499
328,tucano,-10.9631,-38.7867,79.86,74,64,10.22,BR,1712790512
329,mutsu,41.2894,141.2169,46.56,55,2,4.23,JP,1712790512
330,bel ombre,-4.6167,55.4167,83.01,79,100,16.24,SC,1712790512
331,zelenogradsk,54.9589,20.4767,46.45,76,0,15.66,RU,1712790512
332,childress,34.4264,-100.204,71.85,26,0,16.11,US,1712790287
333,sola,-13.8833,167.55,81.48,75,97,2.86,VU,1712790512
334,villa rica,33.7321,-84.9191,69.42,96,100,14.76,US,1712790362
335,yumbe,3.4651,31.2469,70.2,73,30,2.55,UG,1712790512
336,nouadhibou,20.931,-17.0347,66.18,82,0,11.5,MR,1712790513
337,vidyayevo,69.3191,32.8049,36.99,95,100,18.9,RU,1712790513
338,usinsk,65.9939,57.5281,2.07,94,79,8.01,RU,1712790513
339,dorado,18.4588,-66.2677,80.49,85,76,5.01,PR,1712790513
340,iskateley,67.6803,53.1512,15.76,92,100,15.68,RU,1712790513
341,camocim de sao felix,-8.3586,-35.7619,70.59,93,100,2.86,BR,1712790513
342,boguchany,58.3814,97.4531,23.86,91,100,5.5,RU,1712790513
343,mount isa,-20.7333,139.5,67.77,34,45,8.05,AU,1712790513
344,cadale,2.7603,46.3222,84.02,74,21,11.03,SO,1712790513
345,richards bay,-28.783,32.0377,67.87,81,65,20.42,ZA,1712790513
346,saint-denis,48.9167,2.3333,57.36,63,0,6.91,FR,1712790389
347,aitape,-3.1374,142.3475,76.5,94,100,4.65,PG,1712790513
348,lorena,-22.7308,-45.1247,69.17,92,3,1.79,BR,1712790514
349,berwick-upon-tweed,55.7833,-2.0,57.43,85,100,24.14,GB,1712790514
350,renfrew,55.872,-4.3925,56.25,89,100,15.01,GB,1712790514
351,punta cana,18.5818,-68.4043,78.57,69,40,11.5,DO,1712790508
352,uliastay,47.7417,96.8444,33.35,79,88,2.62,MN,1712790514
353,altai,46.3722,96.2583,31.17,71,60,5.21,MN,1712790514
354,wellington,-41.2866,174.7756,72.99,62,100,21.85,NZ,1712790255
355,la gi,10.6667,107.7833,78.04,81,2,15.19,VN,1712790514
356,whitehorse,60.7161,-135.0538,42.1,70,100,7.0,CA,1712790514
357,rajgir,25.0333,85.4167,80.31,20,92,3.2,IN,1712790514
358,krasnokamensk,50.0979,118.0369,37.63,63,100,4.38,RU,1712790514
359,bodo,67.28,14.405,41.04,94,75,28.77,NO,1712790514
360,hailey,43.5196,-114.3153,57.06,29,0,10.0,US,1712790470
361,sorong,-0.8833,131.25,80.51,81,100,3.33,ID,1712790514
362,toliara,-23.35,43.6667,77.68,86,72,8.75,MG,1712790515
363,kovalam,8.3667,76.9967,82.49,78,20,0.0,IN,1712790515
364,chyorny yar,48.0624,46.1091,61.05,42,4,3.83,RU,1712790515
365,touros,-5.1989,-35.4608,79.59,84,100,5.68,BR,1712790515
366,mandiana,10.6333,-8.6833,79.34,67,92,6.44,GN,1712790515
367,charters towers,-20.1,146.2667,69.89,34,51,12.68,AU,1712790515
368,saint-philippe,-21.3585,55.7679,76.59,74,76,6.6,RE,1712790515
369,omaruru,-21.4333,15.9333,67.05,38,0,5.84,NA,1712790515
370,mar del plata,-38.0023,-57.5575,58.08,68,75,11.99,AR,1712790395
371,saskatoon,52.1168,-106.6345,48.18,45,75,19.57,CA,1712790272
372,klyuchi,52.2667,79.1667,37.31,97,100,1.61,RU,1712790515
373,santana,-0.0583,-51.1817,84.38,79,20,6.91,BR,1712790515
374,new norfolk,-42.7826,147.0587,56.91,66,70,0.96,AU,1712790515
375,tan-tan,28.438,-11.1032,75.34,33,0,13.29,MA,1712790516
376,callao,-12.0667,-77.15,73.69,73,0,13.8,PE,1712790320
377,gadzhiyevo,69.2551,33.3362,37.98,93,100,22.06,RU,1712790516
378,minas de marcona,-15.2119,-75.1103,64.22,80,95,15.08,PE,1712790516
379,quellon,-43.1167,-73.6167,48.11,83,0,8.16,CL,1712790516
380,pacific grove,36.6177,-121.9166,77.65,73,0,8.01,US,1712790516
381,port moresby,-9.4431,147.1797,82.15,75,93,8.77,PG,1712790516
382,suva,-18.1416,178.4415,85.48,74,75,9.22,FJ,1712790376
383,ambatofinandrahana,-20.55,46.8,62.06,96,72,2.55,MG,1712790438
384,huai yot,7.7893,99.6348,75.0,87,100,4.74,TH,1712790516
385,zirovnica,46.4047,14.14,46.47,81,100,2.42,SI,1712790516
386,mil'kovo,55.6078,37.7956,59.34,91,38,7.25,RU,1712790516
387,north logan,41.7694,-111.8047,61.48,38,75,8.05,US,1712790516
388,sena madureira,-9.0656,-68.6569,73.99,96,100,1.88,BR,1712790491
389,ust'-uda,54.1742,103.0304,35.73,99,100,3.04,RU,1712790517
390,udachny,66.4167,112.4,-12.69,94,92,21.34,RU,1712790422
391,klaksvik,62.2266,-6.589,43.72,95,100,28.72,FO,1712790517
392,kenai,60.5544,-151.2583,37.49,64,0,8.05,US,1712790313
393,luderitz,-26.6481,15.1594,67.87,56,0,12.44,NA,1712790517
394,daru,-9.0763,143.2092,81.93,85,88,6.51,PG,1712790517
395,saint ann's bay,18.4358,-77.201,81.9,80,26,13.94,JM,1712790517
396,loreto,22.2667,-101.9667,78.84,7,13,15.73,MX,1712790261
397,severnoye,56.3491,78.3619,22.98,88,100,7.0,RU,1712790517
398,kalmunai,7.4167,81.8167,79.09,84,100,3.11,LK,1712790517
399,porbandar,21.6422,69.6093,77.2,77,75,5.28,IN,1712790517
400,ballina,-28.8667,153.5667,70.79,65,0,11.81,AU,1712790518
401,tamale,9.4008,-0.8393,89.29,42,44,5.41,GH,1712790458
402,iskushuban,10.2837,50.23,75.33,82,7,4.94,SO,1712790518
403,chernyshkovskiy,48.4219,42.2308,59.16,45,0,1.05,RU,1712790518
404,altamont,42.2068,-121.7372,69.4,30,0,5.99,US,1712790276
405,saint-joseph,-21.3667,55.6167,75.58,75,74,4.59,RE,1712790518
406,salahonda,2.1019,-78.7217,81.05,79,82,12.64,CO,1712790518
407,dezhou,37.4486,116.2925,58.05,81,0,7.74,CN,1712790518
408,yangjiang,21.85,111.9667,73.62,83,100,3.31,CN,1712790518
409,taltal,-25.4,-70.4833,64.89,80,63,5.35,CL,1712790518
410,zagora,30.3484,-5.8365,70.57,17,0,3.2,MA,1712790518
411,mount gambier,-37.8333,140.7667,58.28,67,100,7.0,AU,1712790518
412,port augusta,-32.5,137.7667,61.43,59,2,5.75,AU,1712790518
413,carnarvon,-24.8667,113.6333,74.41,57,6,9.28,AU,1712790518
414,vorkuta,67.5,64.0,-12.46,100,100,4.36,RU,1712790518
415,port douglas,-16.4833,145.4667,78.8,77,76,10.65,AU,1712790519
416,casper,42.8666,-106.3131,46.72,64,100,11.5,US,1712790416
417,gebeit,21.0667,36.3167,66.15,48,86,4.54,SD,1712790519
418,calvinia,-31.4707,19.776,56.71,63,0,14.74,ZA,1712790519
419,portage la prairie,49.9728,-98.2926,45.27,80,100,17.13,CA,1712790519
420,nuku'alofa,-21.1333,-175.2,84.54,74,40,12.66,TO,1712790519
421,carutapera,-1.195,-46.02,78.53,88,90,6.33,BR,1712790519
422,nemuro,43.3236,145.575,39.31,66,60,7.92,JP,1712790358
423,la union,-5.4,-80.75,83.12,54,67,16.67,PE,1712790519
424,taguatinga,-12.3857,-46.5711,80.49,64,97,3.15,BR,1712790414
425,moose jaw,50.4001,-105.5344,50.56,31,100,21.59,CA,1712790519
426,keelung,25.1283,121.7419,78.01,87,86,4.7,TW,1712790519
427,chongwe,-15.3292,28.682,67.19,95,97,2.75,ZM,1712790519
428,thinadhoo,0.5333,72.9333,84.94,73,91,9.17,MV,1712790519
429,santona,43.4439,-3.4576,55.22,66,77,3.65,ES,1712790519
430,sao miguel,-5.4667,-35.3667,81.37,79,100,7.07,BR,1712790520
431,fukuecho,32.6881,128.8419,60.13,78,100,3.94,JP,1712790520
432,labrador city,52.9463,-66.9114,28.99,83,10,4.74,CA,1712790520
433,newman,37.3138,-121.0208,80.83,47,88,5.99,US,1712790520
434,lensk,60.7253,114.9278,31.08,98,100,4.16,RU,1712790520
435,mandalgovi,45.7625,106.2708,44.73,42,100,7.76,MN,1712790520
436,ciudad del carmen,18.6333,-91.8333,89.64,66,40,5.75,MX,1712790520
437,soe,-9.8607,124.284,67.06,90,99,3.11,ID,1712790520
438,lucapa,-8.4192,20.7447,67.55,86,91,2.37,AO,1712790256
439,sarmiento,-45.5882,-69.07,50.68,47,0,4.29,AR,1712790318
440,zouerate,22.7187,-12.4521,83.08,14,0,5.28,MR,1712790520
441,rongelap,11.1635,166.8941,80.26,80,100,22.66,MH,1712790520
442,lycksele,64.5954,18.6735,40.87,70,100,13.8,SE,1712790520
443,nybro,56.7446,15.9071,44.04,73,45,9.82,SE,1712790338
444,new plymouth,-39.0667,174.0833,67.8,85,100,22.19,NZ,1712790417
445,pakokku,21.3333,95.1,83.26,21,0,1.57,MM,1712790521
446,mili,6.0815,171.735,82.53,83,97,17.0,MH,1712790521
447,luanda,-8.8368,13.2343,78.82,83,37,9.91,AO,1712790465
448,saldanha,-33.0117,17.9442,59.31,74,0,16.17,ZA,1712790521
449,alofi,-19.0595,-169.9187,84.09,74,75,16.11,NU,1712790521
450,la passe,45.5549,-0.8967,53.98,81,97,4.5,FR,1712790521
451,sicuani,-14.2694,-71.2261,54.18,75,90,5.19,PE,1712790521
452,uturoa,-16.7333,-151.4333,84.24,78,21,18.57,PF,1712790521
453,pyay,18.8167,95.2167,83.01,52,47,4.36,MM,1712790521
454,zabaykal'sk,49.6333,117.3167,40.41,81,100,8.84,RU,1712790521
455,sabang,5.8933,95.3214,85.06,73,98,10.69,ID,1712790521
456,borogontsy,62.6683,131.1683,30.72,94,100,7.56,RU,1712790522
457,sagarejo,41.734,45.3315,50.4,86,100,3.87,GE,1712790522
458,palu,-0.8917,119.8707,76.91,98,90,2.95,ID,1712790522
459,dharur,18.8167,76.1167,81.28,41,64,12.68,IN,1712790522
460,forster,-32.1667,152.5167,67.28,67,82,13.73,AU,1712790522
461,arno,60.1167,18.6333,41.79,61,18,17.25,SE,1712790522
462,kota belud,6.351,116.4305,78.62,72,91,4.52,MY,1712790234
463,zemio,5.0314,25.1361,75.54,56,59,1.68,CF,1712790522
464,camalu,30.85,-116.0667,67.3,48,0,12.12,MX,1712790522
465,akrehamn,59.2667,5.1833,45.0,93,100,23.02,NO,1712790522
466,shibetsu,43.659,145.132,39.76,70,33,5.21,JP,1712790437
467,mirnyy,62.5353,113.9611,10.24,83,100,8.01,RU,1712790522
468,macheng,31.1783,115.0319,62.56,90,94,2.01,CN,1712790522
469,buka,40.8108,69.1986,56.35,67,0,1.86,UZ,1712790291
470,igarka,67.4667,86.5833,-21.98,98,27,8.01,RU,1712790522
471,tazacorte,28.629,-17.9293,67.17,77,75,14.97,ES,1712790523
472,haiku-pauwela,20.9219,-156.3051,84.22,61,20,18.41,US,1712790523
473,aksu,41.1231,80.2644,56.48,23,15,3.76,CN,1712790523
474,jarocin,51.9727,17.5026,51.08,63,82,4.29,PL,1712790523
475,porecatu,-22.7558,-51.3792,74.8,75,22,4.09,BR,1712790523
476,heroica caborca,30.7167,-112.15,85.3,9,0,11.77,MX,1712790523
477,dalby,-27.1833,151.2667,63.86,56,0,4.72,AU,1712790523
478,manvi,15.9833,77.05,80.47,54,32,8.48,IN,1712790523
479,aral,40.5156,81.2636,58.96,92,6,8.1,CN,1712790318
480,kralendijk,12.15,-68.2667,82.38,78,75,17.27,BQ,1712790523
481,betio village,1.358,172.9211,86.04,79,100,11.01,KI,1712790523
482,ghadamis,30.1337,9.5007,69.93,36,100,16.2,LY,1712790523
483,saudarkrokur,65.7461,-19.6394,27.37,83,100,2.73,IS,1712790524
484,shahrak,34.1074,64.3052,49.82,50,1,4.29,AF,1712790256
485,azangaro,-14.9167,-70.2167,50.04,75,86,11.45,PE,1712790524
486,biala podlaska,52.0324,23.1165,54.16,71,97,8.66,PL,1712790524
487,nha trang,12.25,109.1833,77.0,79,36,5.64,VN,1712790480
488,zabol,32.25,67.25,56.75,34,3,5.66,AF,1712790524
489,tieli,46.95,128.05,47.3,51,60,10.0,CN,1712790321
490,keflavik,64.0049,-22.5624,39.63,75,100,12.66,IS,1712790524
491,nuuk,64.1835,-51.7216,21.11,79,83,4.29,GL,1712790524
492,port hedland,-20.3167,118.5667,75.25,43,4,6.91,AU,1712790524
493,coquimbo,-29.9533,-71.3436,60.87,82,61,2.51,CL,1712790430
494,sasni,27.7167,78.0833,78.37,26,17,6.08,IN,1712790524
495,east ballina,-28.8667,153.5833,70.81,65,0,11.81,AU,1712790525
496,shingu,33.7333,135.9833,58.41,75,97,10.83,JP,1712790359
497,mumford,5.2618,-0.759,82.38,84,85,5.64,GH,1712790525
498,holstebro,56.3601,8.6161,49.89,73,100,18.81,DK,1712790525
499,valentin gomez farias,28.2167,-106.5833,71.29,9,0,2.68,MX,1712790525
500,mazamari,-11.3258,-74.5308,73.45,97,100,1.61,PE,1712790525
501,dhidhdhoo,6.8833,73.1,84.27,71,6,2.24,MV,1712790432
502,maxixe,-23.8597,35.3472,73.63,71,100,11.43,MZ,1712790525
503,haugesund,59.4138,5.268,44.42,93,100,23.02,NO,1712790455
504,north bay,46.3168,-79.4663,60.82,41,75,8.05,CA,1712790270
505,prince rupert,54.3161,-130.3201,44.69,87,100,13.8,CA,1712790525
506,constitucion,-35.3333,-72.4167,51.94,80,41,7.05,CL,1712790525
507,bengkulu,-3.8004,102.2655,76.42,88,100,3.62,ID,1712790525
508,broken hill,-31.95,141.4333,55.85,69,0,12.71,AU,1712790373
509,sisimiut,66.9395,-53.6735,21.7,74,100,3.87,GL,1712790525
510,babolsar,36.7025,52.6576,57.72,85,100,8.08,IR,1712790526
511,ceeldheer,3.8488,47.1806,82.51,73,6,11.68,SO,1712790526
512,dapchi,12.4904,11.4944,83.3,7,12,8.9,NG,1712790526
513,robertsport,6.7533,-11.3686,80.53,88,74,6.55,LR,1712790526
514,sinabang,2.4803,96.3801,79.11,88,98,3.98,ID,1712790526
515,uruzgan,32.8333,66.0,59.02,35,5,3.13,AF,1712790526
516,fort-shevchenko,44.5086,50.263,59.9,49,100,13.24,KZ,1712790526
517,bir el ater,34.7449,8.0602,53.08,54,100,12.39,DZ,1712790526
518,kulhudhuffushi,6.6221,73.07,84.24,71,7,2.39,MV,1712790526
519,felsberg,51.1333,9.4167,45.05,93,32,1.14,DE,1712790526
520,kyaikkami,16.08,97.5675,83.37,76,23,4.7,MM,1712790526
521,yongchuan,29.3514,105.8947,62.87,92,100,1.7,CN,1712790526
522,francavilla fontana,40.5306,17.5852,64.26,44,100,13.24,IT,1712790526
523,taksimo,56.3444,114.8794,21.99,85,95,0.45,RU,1712790526
524,severo-yeniseyskiy,60.3725,93.0408,-2.97,100,100,3.09,RU,1712790527
525,boden,65.8252,21.6886,42.8,81,71,12.12,SE,1712790527
526,smithers,54.7804,-127.1743,45.77,52,100,5.12,CA,1712790527
527,pimentel,-6.8367,-79.9342,77.29,65,75,18.41,PE,1712790527
528,nephi,39.7102,-111.8363,63.28,34,6,7.29,US,1712790468
529,sayat,38.7839,63.8803,55.27,36,89,7.47,TM,1712790527
530,neiafu,-18.65,-173.9833,83.08,74,20,19.57,TO,1712790527
531,safaga,26.7292,33.9365,72.07,44,45,12.15,EG,1712790527
532,montrose,38.4166,-108.2673,50.09,30,1,10.25,US,1712790527
533,kuqa,41.7278,82.9364,57.6,24,22,5.41,CN,1712790527
534,leninskoye,41.7589,69.3864,50.34,59,30,2.75,KZ,1712790527
535,majene,-3.5403,118.9707,77.22,85,93,3.33,ID,1712790527
536,sarzeau,47.5333,-2.7667,55.76,93,100,12.28,FR,1712790527
537,bucerias,20.75,-105.3333,75.18,64,0,14.97,MX,1712790501
538,i-n-salah,27.1935,2.4607,77.67,22,0,15.1,DZ,1712790401
539,huarmey,-10.0681,-78.1522,73.85,81,80,9.08,PE,1712790528
540,illapel,-31.6308,-71.1653,65.16,51,0,4.14,CL,1712790528
541,kandahar,31.0,65.75,67.39,24,4,2.39,AF,1712790528
542,abbeville,50.1,1.8333,55.36,86,96,11.68,FR,1712790289
543,vanimo,-2.6741,141.3028,77.68,93,100,3.87,PG,1712790528
544,kill devil hills,36.0307,-75.676,69.8,68,0,12.66,US,1712790528
545,maracacume,-2.0428,-45.9592,75.79,97,100,3.67,BR,1712790528
546,tolanaro,-25.0319,46.9987,74.3,90,94,4.97,MG,1712790528
547,galliano,29.4422,-90.2992,77.0,83,100,13.8,US,1712790528
548,aldan,58.6031,125.3894,27.25,83,10,7.09,RU,1712790528
549,hornell,42.3279,-77.6611,62.6,86,100,1.99,US,1712790529
550,sao joao da barra,-21.6403,-41.0511,77.09,86,0,8.81,BR,1712790473
551,dawesville,30.9224,-84.0091,75.61,61,100,16.11,US,1712790529
552,quiberon,47.4841,-3.1196,55.0,91,100,13.4,FR,1712790529
553,shihezi,44.3,86.0333,52.2,57,90,2.15,CN,1712790529
554,grand falls-windsor,48.9332,-55.6649,30.51,89,92,1.99,CA,1712790391
555,aswan,24.0934,32.907,71.13,28,34,12.48,EG,1712790529
556,harsud,22.1,76.7333,78.44,57,67,7.47,IN,1712790529
557,kon tum,14.35,108.0,62.78,90,0,1.86,VN,1712790529
558,nantucket,41.2835,-70.0995,48.02,93,40,14.97,US,1712790324
559,tofol,5.3248,163.0078,83.98,84,100,11.5,FM,1712790529
560,katra,32.9833,74.95,61.59,45,88,10.27,IN,1712790529
561,rivne,50.6231,26.2274,60.08,79,55,11.14,UA,1712790529
562,okhotsk,59.3833,143.3,24.78,67,4,14.76,RU,1712790529
563,kristiansund,63.1115,7.732,41.65,75,75,11.5,NO,1712790529
564,kokomo,40.4864,-86.1336,58.21,89,100,9.22,US,1712790517
565,kuala tungkal,-0.8167,103.4667,74.71,98,100,7.11,ID,1712790530
566,cockburn town,21.4612,-71.1419,77.11,70,15,23.51,TC,1712790530
567,al kharijah,25.4514,30.5464,66.52,33,23,7.09,EG,1712790530
568,redencao,-4.2258,-38.7306,75.63,96,100,2.01,BR,1712790436
569,san julian,21.0167,-102.1667,80.38,12,2,18.1,MX,1712790271
570,changli,39.7042,119.1506,52.38,52,0,3.71,CN,1712790530
571,praia da vitoria,38.7333,-27.0667,63.75,95,92,18.32,PT,1712790530
572,irymple,-34.25,142.1667,54.09,89,0,11.88,AU,1712790530
573,olean,42.0776,-78.4297,59.68,82,100,0.0,US,1712790530
574,peshtera,42.0333,24.3,50.56,58,0,3.98,BG,1712790530
575,amherst,41.3978,-82.2224,59.86,51,100,8.05,US,1712790516
576,al kharj,24.155,47.3346,73.98,46,97,5.91,SA,1712790530
577,oranjemund,-28.55,16.4333,59.34,87,0,10.71,NA,1712790531
578,fernie,49.5,-115.0687,46.67,56,80,1.68,CA,1712790531
579,suoyarvi,62.0833,32.35,40.89,88,100,14.65,RU,1712790531
580,nhamunda,-2.1861,-56.7131,77.29,95,55,1.34,BR,1712790247
581,afaahiti,-17.75,-149.2833,85.87,83,100,18.32,PF,1712790531
582,bandarbeyla,9.4942,50.8122,80.94,73,97,5.82,SO,1712790531
583,karatuzskoye,53.6072,92.8667,41.38,78,100,10.0,RU,1712790531
584,kudahuvadhoo,2.6708,72.8944,84.88,69,20,8.14,MV,1712790531
585,pangody,65.85,74.4859,-24.21,100,95,2.35,RU,1712790531
586,greymouth,-42.4667,171.2,60.69,91,100,8.86,NZ,1712790531
587,kavaratti,10.5669,72.642,83.82,69,67,7.81,IN,1712790531
588,taber,49.8167,-112.1518,51.66,25,64,2.42,CA,1712790531
589,san antonio de pale,-1.4014,5.6325,82.92,81,82,10.16,GQ,1712790531
590,mpongwe,-13.5091,28.155,65.25,98,91,1.28,ZM,1712790532
591,tokoroa,-38.2333,175.8667,62.92,89,100,9.57,NZ,1712790417
592,humaita,-7.5061,-63.0208,77.5,94,67,1.57,BR,1712790532
593,bakchar,57.0186,82.0711,18.88,89,85,3.42,RU,1712790532
594,kavieng,-2.5744,150.7967,81.21,82,100,10.4,PG,1712790532
595,souillac,-20.5167,57.5167,74.35,85,42,7.94,MU,1712790532
596,boende,-0.2167,20.8667,72.32,93,100,3.04,CD,1712790532
597,ikovka,55.6089,64.9375,31.05,78,37,4.05,RU,1712790532
